index,CompanyID,CompanyName,CompanyFormerName,CompanyAlsoKnownAs,CompanyLegalName,Description,Keywords,TotalRaised,BusinessStatus,OwnershipStatus,CompanyFinancingStatus,Universe,Website,Employees,Exchange,Ticker,CikCode,YearFounded,ParentCompany,FinancingStatusNote,HQLocation,HQAddressLine1,HQAddressLine2,HQCity,HQState_Province,HQPostCode,HQCountry,HQPhone,HQFax,HQEmail,HQGlobalRegion,HQGlobalSubRegion,AlternateOfficeCount,PrimaryContactPBId,PrimaryContact,PrimaryContactTitle,ActiveInvestors,FormerInvestors,FirstFinancingDate,FirstFinancingSize,FirstFinancingSizeStatus,FirstFinancingValuation,FirstFinancingValuationStatus,FirstFinancingDealType,FirstFinancingDealType2,FirstFinancingDealType3,FirstFinancingDealClass,FirstFinancingDebt,FirstFinancingStatus,LastKnownValuation,LastKnownValuationDate,LastKnownValuationDealType,LastFinancingDate,LastFinancingSize,LastFinancingSizeStatus,LastFinancingValuation,LastFinancingValuationStatus,LastFinancingDealType,LastFinancingDealType2,LastFinancingDealType3,LastFinancingDealClass,LastFinancingDebt,LastFinancingDebtDate,LastFinancingDebtSize,LastFinancingStatus,FacebookProfileUrl,TwitterProfileUrl,LinkedInProfileURL,GrowthRate,GrowthRatePercentile,GrowthRateChange,GrowthRatePercentChange,WebGrowthRate,WebGrowthRatePercentile,SocialGrowthRate,SocialGrowthRatePercentile,TwitterGrowthRate,TwitterGrowthRatePercentile,SizeMultiple,SizeMultiplePercentile,SizeMultipleChange,SizeMultiplePercentChange,WebSizeMultiple,WebSizeMultiplePercentile,SocialSizeMultiple,SocialSizeMultiplePercentile,TwitterSizeMultiple,TwitterSizeMultiplePercentile,TwitterFollowers,TwitterFollowersChange,TwitterFollowersPercentChange,ProfileDataSource,PitchBookProfileLink,LastUpdated,second_level_categories,gpt_reasoning
3247,100904-32,Beats Medical,,,Beats Medical Limited,"Operator of a digital therapeutics platform intended to treat CNS and rare genetic conditions. The company's platform creates a customizable interface, using advanced AI and machine learning to tailor therapies for each and every patient, based on their specific needs, enabling clinicians to understand, engage and treat their patients quickly and effectively.","digital therapeutics, medical treatment, medication compliance, neurological healthcare service, parkinson therapy, parkinson's disease treatment, parkinson's treatment",2.39367212,Generating Revenue,Privately Held (backing),Venture Capital-Backed,Venture Capital,www.beatsmedical.com,15,,,,2012,,"The company raised EUR 940,015 of venture funding from Better World Ventures, Cathriona Hallahan and Anthony Collins on July 4, 2021, putting the company's pre-money valuation at EUR 13.36 million.","Dublin, Ireland","4 Cubes 1, Beacon South Quarter",Sandyford,Dublin,,18,Ireland,+353 (0)1 905 3830,,office@beatsmedical.com,Europe,Western Europe,1,105077-08P,Ciara Clancy Ph.D,Co-Founder & Chief Executive Officer,11,,05/02/2014,0.69066179,Actual,,,Seed Round,Seed Round,,Venture Capital,,Completed,17.15854052,07/04/2021,Later Stage VC,07/04/2021,1.12801033,Actual,17.15854052,Actual,Later Stage VC,,,Venture Capital,,,,Completed,https://www.facebook.com/BeatsMedicalGroup,https://twitter.com/BeatsMedical,https://www.linkedin.com/company/beats-medical-ltd,-0.01,15,0,0,0,13,-0.03,14,-0.03,14,3.98,80,0,0,2.89,74,8.42,83,8.42,83,2222,0,0,PitchBook Research,https://my.pitchbook.com?c=100904-32,01/01/2024,['Neurological disorders'],"The company focuses on digital therapeutics for CNS and rare genetic conditions, specifically mentioning Parkinson's disease, which falls under neurological disorders."
4344,101504-35,Embr Labs,,"Embr, Ember wave","Embr Labs, Inc.","Developer of wearable thermostats designed to change skin temperature according to comfort. The company's thermostats utilize patented technology that harnesses the power of thermal sensations to deliver safe, non-invasive, and natural services that leverage the nervous system's natural response to temperature, enabling people to feel comfortable and fall asleep fast with no stress.","digital therapeutics, digital wellness, personal heating product, personal thermostats, thermal wellness, wearable device, wearable technology, women's health",54.094048,Generating Revenue,Privately Held (backing),Venture Capital-Backed,"Debt Financed, Venture Capital",embrlabs.com,27,,,1630506,2013,,"The company raised $35 million of venture funding n the form of convertible debt in a deal led by Ghost Tree Partners on May 8, 2023. Other undisclosed investors also participated in the round. The funds will be used to fuel the company's consumer growth strategy via retail and geographic expansion, improving even more lives with the power of temperature.","Boston, MA",24 Roland Street,Suite 102,Boston,Massachusetts,2129,United States,+1 (833) 879-3627,,hello@embrlabs.com,Americas,North America,,104856-76P,Samuel Shames,Co-Founder & Chief Operating Officer,23,,,,,,,Accelerator/Incubator,,,Other,,Completed,69.374048,04/01/2022,Later Stage VC,05/08/2023,35,Actual,,,Later Stage VC,,,Venture Capital,"Bridge Loan - $35,00M (Convertible)",05/08/2023,35,Completed,https://www.facebook.com/embrlabs,https://twitter.com/Embrlabs,https://www.linkedin.com/company/embr-labs,0.65,96,0,0,1.57,98,1.04,99,1.04,99,32.97,97,0,0,25.21,96,11.22,86,11.22,86,2962,0,0,PitchBook Research,https://my.pitchbook.com?c=101504-35,01/01/2024,['Sense organ diseases'],"The company's wearable thermostats are designed to change skin temperature for comfort, which relates to sensory perception and comfort, but does not directly address a specific disease category. However, the focus on thermal sensations and comfort could be loosely related to sense organ functions."
5108,101848-51,Kali (Enterprise Systems (Healthcare)),Rxense,Kali,"Kali Care, Inc.","Operator of a digital monitoring and intervention platform intended for clinical trials and patient care. The company leverages its clinically proven connected technology to provide digital monitoring and interventions across clinical trials and clinical care, enabling healthcare providers to measure, monitor and improve patient engagement through connectivity, data analytics and personalized communications.","digital monitoring, digital monitoring services, medical technology, medication regimen, personalized medicine, real time medication management",5,Generating Revenue,Privately Held (backing),Venture Capital-Backed,Venture Capital,www.kali.care,3,,,1616065,2014,,"The company raised $5 million of Series A venture funding from AptarGroup, Signature Capital and Signatures Capital on June 19, 2017, putting the company's pre-money valuation at $20 million. Heuristic Capital Partners, Plug and Play Tech Center and Lab360 Hardware Incubator also participated in the round.","San Francisco, CA",259 East Grand Avenue South,,San Francisco,California,94080,United States,+1 (408) 857-2228,,info@kali.care,Americas,North America,2,263465-74P,Jerry Wong,Executive Officer,6,,06/19/2017,5,Actual,24.999999,Actual,Early Stage VC,Series A,,Venture Capital,,Completed,24.999999,06/19/2017,Early Stage VC,06/19/2017,5,Actual,24.999999,Actual,Early Stage VC,Series A,,Venture Capital,,,,Completed,,,https://www.linkedin.com/company/kali-care,,,,,,,,,,,,,,,,,,,,,,,,PitchBook Research,https://my.pitchbook.com?c=101848-51,10/01/2023,['Other non-communicable diseases'],"The company provides digital monitoring and intervention for clinical trials and patient care, which is a broad application that does not specify a particular disease category."
8125,103233-34,Wellpepper,,,"Wellpepper, Inc.",Developer of a patient engagement platform intended for digital patient treatment plans. The company's application enables healthcare professionals to create and assign custom treatment plans that patients review and check in with on their mobile phones.,"digital patient treatment, digital treatment, digital treatment planning, digital treatment services, healthcare information technology, mobile health",1.15,Generating Revenue,Acquired/Merged,Formerly PE-Backed,"Private Equity, Venture Capital",www.wellpepper.com,6,,,1602559,2012,,"The company was acquired by Caravan Health, via its financial sponsors VSS Capital Partners and 121G, through an LBO on February 27, 2020 for an undisclosed amount. The company is no longer actively tracked by PitchBook.","Seattle, WA",3502 Fremont Avenue North,,Seattle,Washington,98103,United States,,,,Americas,North America,,,,,,2,01/01/2015,,,,,Accelerator/Incubator,,,Other,,Completed,,,,02/27/2020,,,,,Buyout/LBO,Add-on,,Private Equity,,05/03/2016,,Completed,,,,,,,,,,,,,,,,,,,,,,,,,,,PitchBook Research,https://my.pitchbook.com?c=103233-34,06/01/2023,['Other non-communicable diseases'],"The company offers a digital patient engagement platform for treatment plans, which is a general healthcare service not specific to any particular disease category."
9441,103904-02,AppliedVR,,AVR,"AppliedVR, Inc.","Developer of virtual reality therapeutic devices designed to address unmet needs and improve clinical outcomes for pain management. The company's devices are clinically validated, on-demand, and all-in-one platforms for acute and chronic pain, enabling doctors to improve clinical outcomes for patients with serious health conditions.","chronic pain devices, cognitive behavioral platform, digital therapeutics, pain management system, virtual reality system, virtual reality therapeutics",76.914352,Clinical Trials - Phase 4,Privately Held (backing),Venture Capital-Backed,"Debt Financed, Venture Capital",www.appliedvr.io,74,,,,2015,,"The company received $6 million of debt financing in the form of a loan from F-Prime Capital on February 23, 2023. Previously, the company joined Techstars on August 9, 2022 and received $13,333 in funding.","Van Nuys, CA",16760 Stagg Street,Unit 216,Van Nuys,California,91406,United States,+1 (844) 857-0010,,info@appliedvr.io,Americas,North America,,105555-16P,David Sackman,"Co-Founder, Chief Visionary Officer & Chairman",14,,04/04/2016,6,Actual,,,Seed Round,Seed Round,,Venture Capital,,Completed,120.999995,11/11/2021,Later Stage VC,02/23/2023,6,Actual,,,Debt - General,,,Debt,"Unspecified Term Loan - $6,00M",02/23/2023,6,Completed,https://www.facebook.com/appliedvr,https://twitter.com/AppliedVR,https://www.linkedin.com/company/appliedvr,0.85,97,-0.1,-10.47,2.56,99,-0.02,17,-0.02,17,8.62,89,-0.03,-0.32,9.01,89,13.78,88,13.78,88,3636,2,0.06,PitchBook Research,https://my.pitchbook.com?c=103904-02,01/01/2024,['Musculoskeletal disorders'],"The company develops virtual reality therapeutic devices for pain management, which is often associated with musculoskeletal disorders, especially chronic pain conditions."
13678,106829-83,Caterna,,,Caterna Vision GmbH,"Operator of an online digital therapy platform designed to provide a supplement to occlusion therapy for children with amblyopia or lazy eye. The company's platform offers web-based exercises for the treatment of neurological defect vision which are combined with online games for attention-grabbing in the screen foreground, enabling patients to stimulate the brain to re-establish the connection between the brain and eye.","amblyopia therapy, digital therapy platform, eyecare platform, healthcare platform, visual acuity, visual support",0.85493131,Generating Revenue,Privately Held (backing),Venture Capital-Backed,Venture Capital,www.caterna.de,9,,,,2010,,CFH Management sold a stake in the company to an undisclosed buyer.,"Potsdam, Germany",David-Gilly-Strasse 1,,Potsdam,,14469,Germany,+49 (0)33 1867 5087 7,+49 (0)33 1867 5089 9,kontakt@caterna.de,Europe,Western Europe,1,89561-62P,Sascha Seewald,"Co-Founder, Board Member & Advisor",5,3,01/01/2010,,,,,Spin-Off,,,Corporate,,Completed,,,,,,,,,Secondary Transaction - Private,,,Venture Capital,,,,Completed,https://www.facebook.com/Caterna.Vision,https://twitter.com/caternavision,https://www.linkedin.com/company/caterna,-0.04,14,0,0,0,13,-0.11,3,-0.11,3,1.88,67,-0.03,-1.45,4.42,81,0.86,48,0.86,48,226,0,0,PitchBook Research,https://my.pitchbook.com?c=106829-83,01/01/2024,['Sense organ diseases'],"The company provides a digital therapy platform for amblyopia, a vision disorder, which falls under sense organ diseases."
24158,110303-29,Pear Therapeutics,,Pear,"Pear Therapeutics, Inc.","Pear Therapeutics Inc is a commercial-stage healthcare company pioneering a new class of software-based medicines, sometimes referred to as Prescription Digital Therapeutics (PDTs), which use software to treat diseases directly. The company's vision is to advance healthcare through the widespread use of PDTs and to be the one-stop shop for PDTs offered by Pear and other organizations that may choose to make their products available to patients, providers, and payors via its commercial platform, known as PearConnect. It features four distinct system components, consisting of PDTs for patient use, the PearMD Clinician Dashboard, an end-to-end patient service center, and a data analytics system configured to aggregate patient engagement, adherence, and clinical outcome data.","biotechnology research, digital healthcare agency, digital healthcare company, digital therapeutics company, digital therapeutics platform, pharmaceuticals and medicine, pharmaceuticals products, pharmacy healthcare, software based medicine developer, software based therapeutics",395.999923,Bankruptcy: Admin/Reorg,Privately Held (backing),Formerly VC-backed,"Debt Financed, Private Equity, Publicly Listed, Venture Capital",www.peartherapeutics.com,218,,,1835567,2013,,"The company filed for Chapter 11 bankruptcy on April 7, 2023. The company intends to continue scaled-down operations during the Chapter 11 as it seeks to execute an expedited sale process.","Boston, MA",200 State Street,,Boston,Massachusetts,2109,United States,,,,Americas,North America,1,352314-01P,Ellen Snow,"Chief Accounting Officer, Accounting & Vice President",1,28,03/19/2015,5,Actual,12.952958,Actual,Seed Round,Seed Round,,Venture Capital,,Completed,1600,12/03/2021,PIPE,04/07/2023,,,,,Bankruptcy: Admin/Reorg,,,Bankruptcy,,07/07/2020,,Completed,,,,5.64,100,0,0,,,,,,,9.08,89,0,0,,,,,,,,,,PitchBook Research,https://my.pitchbook.com?c=110303-29,11/01/2023,['Other non-communicable diseases'],"Pear Therapeutics focuses on software-based medicines for various diseases, but the description does not specify a particular disease category, making it a broad application."
29129,111779-92,Sword,EndeavourLab,,"SWORD Health, Inc.","Developer of an artificial intelligence-powered digital therapeutic system designed to aid with musculoskeletal healthcare needs. The company's system provides patients with interactive physical rehabilitation exercises from the comfort of their own homes, supervised by remote physiotherapists to provide patients with physical therapy at reduced costs, enabling patients to get access to a rich source of data for clinical teams and decision-makers stroke patients to use this therapy independently.","digital therapist, interactive physical rehabilitation, medical rehabilitation, motion tracking sensors, motor rehabilitation system, outpatient rehabilitation, physical therapy, rehabilitation therapy",324.8475116,Generating Revenue,Privately Held (backing),Venture Capital-Backed,Venture Capital,www.swordhealth.com,788,,,,2014,,"The company raised $189 million of Series D venture funding in a deal led by Sapphire Ventures on November 22, 2021, putting the company's pre-money valuation at $1.81 billion. Transformation Capital and 11 other investors also participated in the round. The funds will be used to accelerate the company's mission to free billions of people from physical pain through more personalized MSK-based offerings and expanding local and global operations among self-insured employers, health plans, and other entities.","New York, NY",53-55 West 21st Street,6th Floor,New York,New York,10010,United States,+1 (385) 308-8034,,hello@swordhealth.com,Americas,North America,4,98229-07P,Virgílio Bento Ph.D,"Co-Founder, Chief Executive Officer & Chairman",28,1,,,,,,Accelerator/Incubator,,,Other,,Completed,2000,11/22/2021,Later Stage VC,11/22/2021,189,Actual,2000,Actual,Later Stage VC,Series D,,Venture Capital,,,,Completed,https://www.facebook.com/SWORDHealth1,https://twitter.com/swordhealth,https://www.linkedin.com/company/swordhealth,0.02,91,0,14.51,-0.8,9,0.13,89,0.13,89,16.09,94,0,0,8.67,89,6.76,81,6.76,81,1784,-1,-0.06,PitchBook Research,https://my.pitchbook.com?c=111779-92,01/01/2024,['Musculoskeletal disorders'],"The company offers a digital therapeutic system for physical rehabilitation, specifically targeting musculoskeletal healthcare needs."
32769,113162-77,LifeWave Biomedical,,LifeWave,"Lifewave Biomedical, Inc.","Developer of a digital therapeutic platform designed to offer health monitoring products. The company's platform improves the management of patients diagnosed with congestive heart failure, acute respiratory distress syndrome, and chronic obstructive pulmonary disease in hospital, ambulatory, and home settings, enabling patients to manage their own health and healthcare providers to remotely assess the state of health of their patients.","clinical management system, connected health system, health monitoring, lung sensor device, noninvasive physiologic sensors, respiratory care system, respiratory distress syndrome",3.69,Generating Revenue,Privately Held (backing),Venture Capital-Backed,Venture Capital,www.lifewavebiomed.com,12,,,,2000,,"The company raised an undisclosed amount of venture funding from Kyto Technology And Life Science, DigitalDx Ventures and Sand Hill Angels on June 1, 2021.","Los Altos, CA",171 Main Street,Suite 583,Los Altos,California,94022,United States,+1 (650) 461-4500,,info@lifewavebiomed.com,Americas,North America,,43061-68P,Steve Stephansen,Chief Executive Officer,6,,07/31/2002,0.75,Estimated,5,Actual,Early Stage VC,Series A,,Venture Capital,,Completed,15.64,06/01/2015,Later Stage VC,06/01/2021,,,,,Later Stage VC,,,Venture Capital,,,,Completed,,,https://www.linkedin.com/company/life-wave-inc,0,15,0,0,0,13,,,,,0.67,41,-0.08,-11.11,0.67,41,,,,,,,,PitchBook Research,https://my.pitchbook.com?c=113162-77,01/01/2024,"['Chronic respiratory diseases', 'Cardiovascular diseases']","The company provides a platform for managing conditions like congestive heart failure and chronic obstructive pulmonary disease, which fall under cardiovascular and chronic respiratory diseases, respectively."
33427,113595-40,SpellBound (Healthcare Technology Systems),Magicbook,SpellBound,"ALTality, Inc.","Developer of an augmented reality therapeutic platform designed to help children cope and engage with medical treatment using immersive augmented reality technology. The company's platform contains content that can be used for procedural support to manage acute pain and provides three-dimensional simulations of procedures for improved patient education by digitally transforming the hospital environment, enabling hospital therapists to help kids cope with the hospital experience and reduce trauma for children and costs for hospitals.","augmented reality therapy, digital therapeutics firm, patient-care, pediatric healthcare, therapeutic platform service, therapeutic tools",1.462151,Generating Revenue,Privately Held (backing),Venture Capital-Backed,Venture Capital,www.spellboundar.com,10,,,1760744,2015,,The company joined National Institutes of Health as a part of its I-Corps at NIH Winter 2023 Cohort in March 2023 and received an undisclosed amount in funding in the form of grant.,"Ann Arbor, MI",116 East Washington Street,Suite 225,Ann Arbor,Michigan,48104,United States,+1 (734) 930-2492,,hello@spellboundar.com,Americas,North America,,125167-06P,Christina York,"Co-Founder, Chief Executive Officer & Board Member",13,,12/29/2015,,,,,Accelerator/Incubator,,,Other,,Completed,4,05/22/2020,Seed Round,03/01/2023,,,,,Accelerator/Incubator,,,Other,,,,Completed,https://www.facebook.com/SpellBoundAR,https://twitter.com/spellboundAR,https://www.linkedin.com/company/spellboundar,0.01,91,0,0,0,13,0.02,73,0.02,73,1.02,53,0,0,1.25,56,2.13,63,2.13,63,562,1,0.18,PitchBook Research,https://my.pitchbook.com?c=113595-40,01/01/2024,['Other non-communicable diseases'],"The company uses augmented reality to help children cope with medical treatments, which is a supportive therapeutic tool rather than targeting a specific disease category."
39758,117354-61,EmpowerHealth,Care Angel,,"Care Angel, Inc.","Developer of an omnichannel, digital health engagement service designed to support and assist members and patients in the management of chronic conditions. The company's clinical-grade platform deploys highly configurable care plans and dynamic care pathways that can extend traditional care management call centers and population health monitoring and are configurable for any type of population, condition, procedure, assessment, survey, medication adherence, or post-discharge communication, enabling individuals to maintain health and well-being from home.","chronic management, communication software, digital therapeutics, health care industry, healthcare services, information technology, medication adherence, remote patient monitoring",28.041783,Generating Revenue,Privately Held (backing),Venture Capital-Backed,"Debt Financed, Venture Capital",www.careangel.com,37,,,1679968,2014,,"The company raised $6.92 million of Series A venture funding from undisclosed investors on March 10, 2023, putting the company's pre-money valuation at $10 million.","Miami, FL",1111 Brickell Avenue,10th Floor,Miami,Florida,33131,United States,+1 (877) 902-6435,,,Americas,North America,1,244188-37P,Bud Flagstad,Chief Executive Officer & Advisor,7,,07/20/2016,1.66667,Actual,,,Early Stage VC,,,Venture Capital,,Completed,16.924347,03/10/2023,Later Stage VC,03/10/2023,6.924347,Actual,16.924347,Actual,Later Stage VC,Series A,,Venture Capital,,05/06/2020,,Completed,,https://twitter.com/weempowerhealth,https://www.linkedin.com/company/empowerhealthai,0.01,91,0,0,0,13,0.02,73,0.02,73,8.99,89,0,0,0.47,33,24.95,92,24.95,92,6586,1,0.02,PitchBook Research,https://my.pitchbook.com?c=117354-61,01/01/2024,['Other'],"The company focuses on digital health engagement and chronic condition management, but it does not specify any particular disease category. It provides a platform for managing various chronic conditions, which could span multiple GBD categories."
40597,117796-51,Medrhythms Therapy,,Medrhythms,"MedRhythms, Inc.","Provider of neurologic music therapy intended to offer evidence-based neurologic interventions to measure and improve walking. The company's clinical programs use sensors, artificial intelligence, and music to develop neurologic interventions and also provide direct stimulation to help in the mechanism of action in each relevant population, enabling patients to use music to directly stimulate the brain and improve functional outcomes.","digital therapeutics, medical device company, music industry, music therapy, music therapy services, neurological care, neurological therapy",56.522169,Generating Revenue,Privately Held (backing),Venture Capital-Backed,"Debt Financed, Venture Capital",www.medrhythmstherapy.com,50,,,1746125,2013,,"The company raised $18.98 million of Series B2 venture funding from undisclosed investors on December 12, 2023, putting the company's pre-money valuation at $66.02 million.","Portland, ME",183 Middle Street,Suite 300,Portland,Maine,4101,United States,+1 (781) 629-9713,,hello@medrhythmstherapy.com,Americas,North America,1,168821-83P,Brian Harris,"Co-Founder, Chief Executive Officer & Board Member",14,,,,,,,Accelerator/Incubator,,,Other,,Completed,85.000005,12/12/2023,Later Stage VC,12/12/2023,18.981787,Actual,85.000005,Actual,Later Stage VC,Series B2,,Venture Capital,,04/07/2020,,Completed,https://www.facebook.com/MedRhythms,https://twitter.com/medrhythms,https://www.linkedin.com/company/medrhythms,-0.03,14,0,0,0,13,-0.07,6,-0.07,6,3.48,78,0,0,3.33,77,3.63,72,3.63,72,958,-1,-0.1,PitchBook Research,https://my.pitchbook.com?c=117796-51,01/01/2024,['Neurological disorders'],"The company provides neurologic music therapy to improve walking and stimulate the brain, which is directly related to neurological care and therapy."
41736,118397-17,Bodyport,,,"Bodyport, Inc.","Operator of a biomarker platform intended to detect early signs of cardiovascular disease. The company's platform with the help of proprietary sensor technology detects cardiac signals and biomarkers through a user's feet, powering algorithms that have the potential to predict risk, enabling care teams to assess the overall health status of their patients and better predict, understand, and intervene in worsening health to prevent hospitalizations and improve quality of life.","biomarker platform, digital therapeutics, digital therapeutics company, heart disease management, remote patient management, remote patient monitoring",15.8,Generating Revenue,Privately Held (backing),Venture Capital-Backed,Venture Capital,www.bodyport.com,23,,,,2015,,"The company raised $11.2 million of Series A venture funding in a deal led by Boehringer Ingelheim Venture Fund on August 11, 2020, putting the company's pre-money valuation at $15.5 million. Playground Global and 5 other investors also participated in the round. The funds will be used to deepen key health partnerships and support the launch of a virtual cardiac clinic that brings intelligent interventions to the company's remote monitoring technology.","San Francisco, CA",970 Folsom Street,,San Francisco,California,94107,United States,,,hello@bodyport.com,Americas,North America,,110738-89P,Sarah Smith,"Co-Founder, Chief Product Officer & Board Member",10,,08/18/2015,0.12,Actual,1.714285,Actual,Accelerator/Incubator,,,Other,,Completed,26.7,08/11/2020,Later Stage VC,08/11/2020,11.2,Actual,26.7,Actual,Later Stage VC,Series A,,Venture Capital,,,,Completed,https://www.facebook.com/BodyportInc,https://twitter.com/bodyport,https://www.linkedin.com/company/bodyport-inc.,-0.04,14,0,0,0,13,-0.11,3,-0.11,3,0.83,47,0,0,0.65,41,0.87,48,0.87,48,230,-1,-0.43,PitchBook Research,https://my.pitchbook.com?c=118397-17,01/01/2024,['Cardiovascular diseases'],"The company operates a biomarker platform to detect early signs of cardiovascular disease, focusing on heart disease management and remote patient monitoring."
43465,119019-97,Riva Health,"Lion Labs, Vital Labs",Riva,"Riva Health, Inc.","Developer of a digital therapeutics application designed to monitor cardiovascular diseases. The company's application reads changes in a person's blood pressure using the phone's camera and graphics processing power and relies on a technique called photoplethysmography, enabling users to check their blood pressure while sitting at home from their smartphone.","blood pressure, blood pressure data, cardiology technology, health care unit, healthcare analytics, healthcare tech platform, healthcare technology platform, hypertension management",20.577841,Generating Revenue,Privately Held (backing),Venture Capital-Backed,Venture Capital,www.rivahealth.com,33,,,1646637,2013,,"The company raised $7.25 million of venture funding from Baruch Future Ventures, Lifeforce Capital and undisclosed investors on September 14, 2022.","Denver, CO",1624 Market Street,"Suite 226, Private Mailbox 33601",Denver,Colorado,80202-1559,United States,+1 (720) 500-3889,,,Americas,North America,1,104933-80P,Tuhin Sinha Ph.D,"Co-Founder, President & Board Member",11,,06/30/2015,3.380438,Actual,11.380438,Actual,Seed Round,Seed Round,,Venture Capital,Unspecified Term Loan (Senior),Completed,9.129999,09/05/2019,Seed Round,09/14/2022,7.25,Actual,,,Later Stage VC,,,Venture Capital,,06/30/2015,,Completed,https://www.facebook.com/RivaHealthApp,https://twitter.com/riva_health,https://www.linkedin.com/company/rivahealth,0,15,0,0,0,13,0,25,0,25,0.46,33,0,0,1.06,53,0.11,19,0.11,19,28,0,0,PitchBook Research,https://my.pitchbook.com?c=119019-97,01/01/2024,['Cardiovascular diseases'],"The company develops a digital therapeutics application for monitoring cardiovascular diseases, specifically focusing on blood pressure management."
45032,119487-43,Relivion,,,Neurolief Ltd.,"Developer of a brain neuromodulation device intended to bring relief from chronic neurological and neuropsychiatric disorders. The company's device offers an adaptive and self-learning treatment using a digital therapeutics platform and can be used to treat depression, migraine, and insomnia, enabling patients to have an effective treatment without the risks and costs associated with invasive procedures and without the side effects associated with medications.","brain neuromodulation technologies, neurostimulation device, neurostimulation medical device, neurostimulation system, neurostimulation therapy, neurostimulation wearables",6.199587,Generating Revenue,Privately Held (backing),Venture Capital-Backed,Venture Capital,www.relivion.com,29,,,,2013,,"The company raised an undisclosed amount of venture funding from Sawai Group Holdings on December 28, 2023.","Netanya, Israel",Sderot 12 Giborei Israel,,Netanya,,4250412,Israel,+972 (0)9 373 0288,,info@neurolief.com,Middle East,Middle East,2,327873-79P,Scott Drees,Co-Chief Executive Officer,4,,01/01/2015,1.3,Actual,,,Seed Round,Seed Round,,Venture Capital,,Completed,12.557078,05/09/2018,Later Stage VC,12/28/2023,,,,,Later Stage VC,,,Venture Capital,,,,Completed,https://www.facebook.com/Neurolief,,https://www.linkedin.com/company/neurolief,0,15,0,0,0,13,,,,,1.32,58,0,0,2.58,72,,,,,,,,PitchBook Research,https://my.pitchbook.com?c=119487-43,01/01/2024,"['Neurological disorders', 'Mental disorders']","The company develops a brain neuromodulation device for treating chronic neurological and neuropsychiatric disorders, including depression and migraine, which fall under neurological and mental disorders."
50141,121449-43,Blue Mesa Health,,BMH,"Blue Mesa Health, Inc.","Provider of health technology services intended to optimize people's health around the world using a combination of science, data and design. The company specializes in delivering digital therapeutics and evidence-based behavioral interventions and has developed an application that offers a weight loss program, health coach and weekly lessons, thereby helping users in reducing their chronic disease burden.","chronic disease prevention, diabetes prevention, diabetes prevention program, diabetes prevention tools, digital therapeutics, digital therapeutics solution, health technology",4,Generating Revenue,Acquired/Merged (Operating Subsidiary),Private Equity-Backed,"Private Equity, Venture Capital",www.bluemesahealth.com,,,,,2015,Virgin Pulse,"The company was acquired by Virgin Pulse, via its financial sponsors Marlin Equity Partners and Veronorte, through an LBO on January 7, 2020, for an undisclosed amount.","New York, NY",311 West 43rd Sreet,,New York,New York,10036,United States,+1 (888) 345-2425,,info@bluemesahealth.com,Americas,North America,5,159970-33P,Curtis Duggan,"Co-Founder, Chief Information Officer & Chief Executive Officer",,13,02/04/2016,,,,,Accelerator/Incubator,,,Other,,Completed,12,02/28/2018,Seed Round,01/07/2020,,,,,Buyout/LBO,Add-on,,Private Equity,,,,Completed,https://www.facebook.com/transformbmh,https://twitter.com/bluemesahealth,https://www.linkedin.com/company/blue-mesa-health,1.27,98,0.28,28.13,0,13,0.07,83,0.07,83,3.04,76,0,0,6.25,85,2.14,63,2.14,63,565,0,0,PitchBook Research,https://my.pitchbook.com?c=121449-43,01/01/2024,['Diabetes and kidney diseases'],"The company focuses on diabetes prevention and chronic disease prevention, which aligns with the category of diabetes and kidney diseases."
57367,124114-24,Reliefband,,,"ReliefBand Technologies, LLC","Developer of a digital therapeutic device designed to treat nausea, retching, and vomiting. The company's device offers a clinically proven, FDA-cleared wearable technology for the treatment of anxiety, migraine associated with a hangover, morning sickness, and VR gaming chemotherapy and as an adjunct to post-op nausea, enabling patients to reclaim life from uncomfortable moments of nausea and provides long-lasting relief without any side effects.","anxiety care, anxiety disorder, digital devices, migraine therapy, nausea treatment, wearable medical device, wearable wellness",9.762351,Generating Revenue,Privately Held (backing),Venture Capital-Backed,"M&A, Venture Capital",www.reliefband.com,10,,,1653228,2015,,"The company was in talks to be acquired by Tivic Health (NAS: TIVC) for $33.5 million on an undisclosed date. Subsequently, the deal was cancelled. Previously, the company raised $4.76 million of venture funding from Anthony Gellert, Delaware Crossing Investor Group, and Wasson Enterprise on June 30, 2020. Other undisclosed investors also participated in the round. Of the total amount, $3 million was raised initially in the form of convertible debt and subsequently converted to equity. The funds will be used to launch the next generation of the company's wearable nausea-relief device.","Horsham, PA",220 Gibraltar Road,Suite 270,Horsham,Pennsylvania,19044,United States,+1 (877) 735-2263,,customerservice@reliefband.com,Americas,North America,2,320262-94P,Susan Feiner,Chief Financial Officer,5,,12/15/2015,5,Actual,,,Early Stage VC,Series A,,Venture Capital,,Completed,33.5,10/17/2022,Merger/Acquisition,10/17/2022,33.5,Estimated,33.5,Estimated,Merger/Acquisition,,,Corporate,,,,Failed/Cancelled,https://www.facebook.com/EffectiveNauseaRelief,https://twitter.com/reliefband,https://www.linkedin.com/company/reliefband-technologies-llc,1.57,98,-0.08,-4.77,2,98,1.13,99,1.13,99,21.87,95,-0.13,-0.57,39.78,97,3.95,73,3.95,73,1044,1,0.1,PitchBook Research,https://my.pitchbook.com?c=124114-24,01/01/2024,"['Neurological disorders', 'Mental disorders']","The company develops a device for treating anxiety, migraine, and nausea, which are associated with neurological and mental disorders."
59005,124780-60,My Mhealth,HealthQuest Solutions,,My Mhealth Limited,"Developer of a mobile application designed to manage long-term conditions using clinically-proven digital therapeutics. The company offers a multi-morbidity digital health platform that is a population-scale service for long-term conditions that have an impact on patients, clinicians, and healthcare providers, enabling healthcare providers to scale and meet the needs of patients without the need for investment in staff, multiple platforms, or infrastructure.","digital healthcare, dispersed healthcare, healthcare technology, licensed pharmaceuticals, medicine delivery, stratified medicine",0.53598994,Generating Revenue,Privately Held (backing),Accelerator/Incubator Backed,Pre-venture,www.mymhealth.com,36,,,,2011,,"The company received GBP 499,780 of grant funding from SBRI Healthcare on January 31, 2023. The funds will be used to support real-world testing and implementation of the company's platform in respiratory care pathways across the UK.","London, United Kingdom",Milton Gate 60 Chiswell Street,,London,England,EC1Y 4AG,United Kingdom,+44 (0)12 0229 9583,,info@mymhealth.com,Europe,Western Europe,1,119454-58P,Simon Bourne MD,"Co-Founder, President & Board Member",5,,,,,,,Accelerator/Incubator,,,Other,,Completed,,,,01/31/2023,0.60793461,Actual,,,Grant,,,Other,,,,Completed,https://www.facebook.com/mymhealth,https://twitter.com/mymhealthltd,https://www.linkedin.com/company/my-mhealth,-0.11,13,0,0,0,13,0.02,73,0.02,73,7.09,87,0,0,3.42,77,16.36,89,16.36,89,4319,0,0,PitchBook Research,https://my.pitchbook.com?c=124780-60,01/01/2024,['Other'],"The company provides a digital health platform for managing long-term conditions, but it does not specify any particular disease category. It offers a broad service for various chronic conditions."
62161,126152-74,Aduro,Worksite Wellness,,"Aduro, LLC","Developer of an online wellness application designed to drive engagement to improve employees' health and well-being at work and in life. The company offers biometric screenings, well-being and flourishing assessments and clinical data integrations which are built on a certified, scalable and secure platform, enabling enterprise employers to set goals, monitor progress and access self-guided learning.","biometrics screening, chronic conditions management, digital biomarkers, digital therapeutics, employee wellbeing, telephonic coaching, wellness program, wellness technology",22,Generating Revenue,Privately Held (backing),Private Equity-Backed,"Debt Financed, Private Equity",www.adurolife.com,241,,,1765015,2001,,"The company received $4 million of debt financing in the form of a MRR line of credit loan from Western Alliance Bank on May 13, 2022. Previously, the company received an undisclosed amount of financing from Bon Secours Mercy Health on May 7, 2019.","Redmond, WA",17425 Northeast Union Hill Road,Suite 100,Redmond,Washington,98052,United States,+1 (866) 906-2433,,info@adurolife.com,Americas,North America,,117482-23P,Darren White,"Co-Founder, Board Member & Chief Executive Officer",3,,01/10/2019,22,Actual,,,PE Growth/Expansion,,,Private Equity,,Completed,,,,05/13/2022,,,,,Debt - General,,,Debt,"Revolving Credit - $4,00M",05/13/2022,,Completed,https://www.facebook.com/ADUROLIFE,https://twitter.com/ADUROLIFE,https://www.linkedin.com/company/adurolife,0.94,97,-0.02,-1.64,2.43,99,-0.02,17,-0.02,17,4.67,82,0.04,0.92,4.42,81,2.96,69,2.96,69,781,0,0,PitchBook Research,https://my.pitchbook.com?c=126152-74,01/01/2024,['Other'],"The company focuses on employee wellness and chronic conditions management, but it does not specify any particular disease category. It provides wellness programs and biometric screenings."
66475,128348-20,Feel Therapeutics,Sentio Solutions,Feel,"Feel Therapeutics, Inc.","Developer of a digital precision medicine platform designed to bring objective data and passive monitoring to reinvent diagnose, manage, and care for mental health. The company's platform offers proprietary medical grade wearables, proprietary algorithms and digital biomarkers with precision digital drug+ and digital therapeutics solutions, with the aim to generate evidence, enabling users to improve their mental well-being and develop long-lasting positive emotional habits.","artificial intelligence technology, behavioral health, clinical decision support, digital biomarkers, digital biomarkers anxiety, digital biomarkers depression, digital biomarkers for behavioral health, digital biomarkers mental health, digital biomarkers neuroscience, digital biomarkers psychiatry, digital endpoints, digital measurement, digital measurement for anxiety, digital measurement for behavioral health, digital measurement for depression, digital measurement for mental health, digital measurement for neuroscience, digital measurement for psychiatry, digital measurement platform, digital precision medicine, digital precision medicine for mental health, digital precision neuroscience, digital precision psychiatry, digital therapeutics, digital therapeutics for behavioral health, drug+ for anxiety, drug+ for behavioral health, drug+ for depression, drug+ for mental health, drug+ for neuroscience, drug+ for psychiatry, dtx for mental health, eda, electrodermal activity, electrodermal activity sensor, galvanic skin response, galvanic skin response sensor, gsr sensors, hrv, machine learning, mental health, mental healthcare, mood detection, mood tracking, multisensory device, patient engagement, real world evidence, remote monitoring, rx pal for anxiety, rx pal for behavioral health, rx pal for depression, rx pal for mental health, rx pal for neuroscience, rx+ for psychiatry",30.298742,Generating Revenue,Privately Held (backing),Venture Capital-Backed,"Debt Financed, Venture Capital",www.feeltherapeutics.com,34,,,1794558,2015,,"The company is in the process of raising an undisclosed amount of Series A venture funding on an undisclosed date. Previously, the company raised $6.6 million of venture funding in the form of a convertible note in a deal led by Satori Capital and Anthemis on August 7, 2023. Felicis, SOSV and Metavallon VC also participated in the round.","San Francisco, CA",479 Jessie Street,,San Francisco,California,94103,United States,+1 (551) 232-1020,,info@feeltherapeutics.com,Americas,North America,2,133594-66P,George Eleftheriou,"Co-Founder, Chief Executive Officer & Board Member",19,,01/17/2016,0.15,Actual,,,Accelerator/Incubator,,,Other,"Bridge Loan - $0,08M",Completed,22.000001,10/10/2019,Seed Round,,,,,,Later Stage VC,Series A,,Venture Capital,,08/07/2023,,Announced/In Progress,https://www.facebook.com/FeelTherapeutics,https://twitter.com/Feeltherapeutic,https://www.linkedin.com/company/feel-therapeutics,0.09,93,0,0,-0.05,13,0.03,75,0.03,75,4.57,82,0,0,12.58,92,4.09,74,4.09,74,1079,0,0,PitchBook Research,https://my.pitchbook.com?c=128348-20,01/01/2024,['Mental disorders'],"The company develops a digital precision medicine platform for mental health, focusing on anxiety, depression, and other mental health conditions, which aligns with the mental disorders category."
69509,130579-57,Mobio Interactive,,MI,Mobio Interactive Pte Ltd,"Developer of a digital therapeutic mindfulness application designed to increase stress resilience and attentional control. The company's platform is a clinically validated, self-assessing, and self-learning health-tech stack and also contains an accurate neural network for the objective quantification of stress via a selfie video, enabling patients to securely and privately interact through their mobile devices from anywhere in the world independent of a wearable.","digital therapeutics, health insurance application, integrated care, mental healthcare, patient monitoring, patients platform",4.205559,Generating Revenue,Privately Held (backing),Venture Capital-Backed,Venture Capital,www.mobiointeractive.com,22,,,,2015,,"The company joined MedTech Innovator on July 1, 2022.","Singapore, Singapore",726A Geylang Road,,Singapore,,389637,Singapore,,,,Asia,Southeast Asia,3,181628-20P,Mark Thoburn,"Co-Founder, Chief of Content & Board Observer",13,,01/01/2016,,,,,Accelerator/Incubator,,,Other,,Completed,7.29486,02/05/2021,Later Stage VC,07/01/2022,,,,,Accelerator/Incubator,,,Other,,08/20/2017,,Completed,,,https://www.linkedin.com/company/mobio-interactive,-1.15,5,0,0,-2.86,2,,,,,0.69,43,0,0,0.48,33,,,,,,,,PitchBook Research,https://my.pitchbook.com?c=130579-57,01/01/2024,['Mental disorders'],"The company develops a digital therapeutic mindfulness application aimed at increasing stress resilience and attentional control, which are related to mental health."
75967,135140-50,Mightier,,,Neuromotion Inc.,"Developer of bioresponsive video games designed to assist kids to discover their emotional strength. The company's games are connected to a biofeedback heart rate monitor that controls the level of difficulty which makes kids stay calm and be in control and win the game, enabling children to see what they are feeling in real-time and learn to control emotions through games.","biotherapy games, digital therapy games, kids mental health, kids therapy, video game developer, video games system",30.894555,Generating Revenue,Privately Held (backing),Venture Capital-Backed,Venture Capital,www.mightier.com,50,,,1743327,2016,,The company raised an undisclosed amount of venture funding from Bridge Builders Collaborative in approximately February 2023.,"Boston, MA","186 Lincoln Street, Floor 6",,Boston,Massachusetts,2111,United States,+1 (888) 978-7495,,,Americas,North America,,54910-09P,Craig Lund,"Co-Founder, Chief Executive Officer, President & Board Member",21,,,,,,,Accelerator/Incubator,,,Other,,Completed,30.194999,04/15/2020,Early Stage VC,02/01/2023,,,,,Later Stage VC,,,Venture Capital,,,,Completed,https://www.facebook.com/bemightier,https://twitter.com/be_mightier,https://www.linkedin.com/company/mightier,0.42,95,0,-0.49,,,0.17,92,0.17,92,3.1,76,0,0,,,0.86,48,0.86,48,228,0,0,PitchBook Research,https://my.pitchbook.com?c=135140-50,01/01/2024,['Mental disorders'],"The company creates bioresponsive video games to help kids manage their emotions, which is directly related to mental health and emotional regulation."
77995,139116-34,MEMOTEXT,,,MEMOTEXT Corporation,"Operator of a digital patient engagement and digital therapeutics platform intended to improve patient compliance. The company's platform learns patient behaviors through measurable inputs such as claims, wearables, behavioral assessments, ambient phone, and EMR data and offers evidence-based, adaptive SMS, email, and mobile personalization algorithms to tailor reminders, education, motivation, and support, enabling healthcare providers to identify risk and drive personalization of secure, omnichannel treatment adherence, care coordination, and patient support applications.","behavior change, medication adherence, patient adherence, patient adherence systems, patient behavioral analysis, patient compliance, patient reminder",,Generating Revenue,Privately Held (backing),Accelerator/Incubator Backed,Pre-venture,www.memotext.com,10,,,,2012,,"The company joined Canadian Technology Accelerator as a part of its second health IT accelerator program on May 13, 2013.","Toronto, Canada",326 Rushton Road,,Toronto,Ontario,M6C 2X9,Canada,+1 (877) 636-6898,,,Americas,North America,1,159055-12P,Amos Adler,"Founder, President & Board Member",1,,05/13/2013,,,,,Accelerator/Incubator,,,Other,,Completed,,,,05/13/2013,,,,,Accelerator/Incubator,,,Other,,,,Completed,https://www.facebook.com/memotext,https://twitter.com/memotext,https://www.linkedin.com/company/memotext-corporation,-0.01,15,0,0,0,13,-0.02,17,-0.02,17,4.75,83,0,0,5.5,84,4,73,4,73,1055,0,0,PitchBook Research,https://my.pitchbook.com?c=139116-34,01/01/2024,['Other non-communicable diseases'],"The company's focus is on improving patient compliance and medication adherence, which is a general healthcare management issue not specific to a particular disease category."